{"_timestamp":1.742036453360029e+09,"train/predictions":{"nrows":20,"_type":"table-file","sha256":"b9cc1df302ebcf9a19e1f3b83c865ee3c01c5bd8d8f815eb3f3763675fee2334","size":1160,"artifact_path":"wandb-client-artifact://03zkq6ojkw9lj26050nhzil62oil1uxhor1bm3g5w9czt0jt465hxjin31lfvim61mm8n0oqsdwuxnifru1y5931588e8mfisjkglyrz2dmkpdbtey6v90ebkv32h5q1/train/predictions.table.json","_latest_artifact_path":"wandb-client-artifact://8rlwntq482c85cx3wmhv1yk6z0pltjlxwa3o3w8efub2yi33kp57pngal399h54c2gl510iloi7gl6c6324yw8h519hlrlz2xov7cymlrq8ovm4ikcibtc4h4p8vu8m6:latest/train/predictions.table.json","path":"media/table/train/predictions_95_b9cc1df302ebcf9a19e1.table.json","ncols":4},"train/conf_loss":0.2906603217124939,"_step":95,"_runtime":10.822444077,"train/box_loss":0.7196432948112488,"train/total_loss":1.8686108589172363,"train/distance":60.114356994628906,"_wandb":{"runtime":11},"optim/lr_0":0.001,"train/iou_metric":0,"train/distance_loss":0.8583071827888489,"trainer/global_step":0}